{"cameraMode":{"drawMode":0,"name":"Shaded","section":"Shading Mode"},"sceneLighting":false,"audioPlay":false,"sceneViewState":{"m_AlwaysRefresh":false,"showFog":true,"showSkybox":true,"showFlares":true,"showImageEffects":true,"showParticleSystems":true,"showVisualEffectGraphs":true,"m_FxEnabled":true},"in2DMode":false,"pivot":{"x":1.1252484321594239,"y":-16.39632797241211,"z":13.909481048583985},"rotation":{"x":0.3276573717594147,"y":-0.019838592037558557,"z":0.006881475914269686,"w":0.9445666074752808},"size":37.70786666870117,"orthographic":false}