{"cameraMode":{"drawMode":0,"name":"Shaded","section":"Shading Mode"},"sceneLighting":false,"audioPlay":false,"sceneViewState":{"m_AlwaysRefresh":false,"showFog":true,"showSkybox":true,"showFlares":true,"showImageEffects":true,"showParticleSystems":true,"showVisualEffectGraphs":true,"m_FxEnabled":true},"in2DMode":false,"pivot":{"x":1.0129120349884034,"y":2.7043521404266359,"z":2.34096360206604},"rotation":{"x":-0.16402289271354676,"y":-0.07953274250030518,"z":0.013267415575683117,"w":-0.9831584095954895},"size":59.04619216918945,"orthographic":false}